,id,typeid,kategoriid,statusid,titel,titelkort,offentlighedskode,nummer,nummerprefix,nummernumerisk,nummerpostfix,resume,afstemningskonklusion,periodeid,afgørelsesresultatkode,baggrundsmateriale,opdateringsdato,statsbudgetsag,begrundelse,paragrafnummer,paragraf,afgørelsesdato,afgørelse,rådsmødedato,lovnummer,lovnummerdato,retsinformationsurl,fremsatundersagid,deltundersagid
0,1,4,2.0,8,FIU alm. del,FIU alm. del,O,,,,,,,32,,,2014-09-30T14:56:24.673,True,,,,,,,,,,,
1,2,10,11.0,20,"Er ministeren enig i vurderingen af, at grønlandske mineralprojekter vækker interesse i udlandet, og kan ministeren i denne forbindelse garantere, at der ikke er foregået NSA-aflytninger eller aflytninger fra andre interessenter af grønlandske politikere og embedsfolk?",Om NSA-aflytninger eller aflytninger fra andre interessenter af grønlandske politikere og embedsfolk.,O,S 725,S,725,,,,32,,,2017-12-05T19:42:22.857,False,Ingen.,,,,,,,,,,
2,3,10,11.0,20,"Hvad agter ministeren at foretage sig, så kostskoler m.m. fortsat har mulighed for at bortvise elever, der har indtaget ulovlige stoffer, og som ikke er synligt påvirkede?","Om at bortvise elever, der har indtaget ulovlige stoffer.",O,S 726,S,726,,,,32,,,2017-12-05T19:43:50.82,False,Der henvises til Folketingets Ombudsmands udtalelse nr. 24 fra 2013 »HF-elev bortvist fra uddannelsesforløb og tilhørende kostafdeling som følge af adfærd i fritiden«. Udtalelsen er tilgængelig på www.ombudsmanden.dk.,,,,,,,,,,
3,4,7,,54,Forslag til Europa-Parlamentets og Rådets afgørelse om makrofinansiel bistand til Den Tunesiske Republik,Forslag til Europa-Parlamentets og Rådets afgørelse om makrofinansiel bistand til Den Tunesiske Republik,O,KOM (2013) 0860,KOM,860,,"<div>


<p>
<strong>Forslaget er modtaget</strong> af Folketinget i dansk sprogudgave  
den&nbsp;16. december&nbsp;2013, jf. <a href=""http://www.euo.dk/upload/application/pdf/d83cf832/Protokol2_naerhed.pdf"">Lissabontraktatens 
 protokol nr. 2</a> om kontrol med nærhedsprincippet. <strong>Fristen  
</strong>på  8 uger for fremsendelse af Folketingets begrundede udtalelse   
<strong>udløb&nbsp;ifølge IPEX&nbsp;10. februar&nbsp;2014.</strong>&nbsp; 
</p>


<div>


<div>


<p>
<a href=""/164314.docid"">Læs</a> 
Kommissionens fremsendelsesbrev    
</p>

</div>

</div>

</div>",,14,,,2016-08-30T13:00:59.313,False,,,,,,,,,,,
4,5,7,,54,"Forslag til Rådets afgørelse om bemyndigelse af Frankrig til at anvende en reduceret sats for visse indirekte skatter på ""traditionel"" rom fremstillet i Guadeloupe, Fransk Guyana, Martinique eller Réunion og om ændring af beslutning 2007/659/EF","Forslag til Rådets afgørelse om bemyndigelse af Frankrig til at anvende en reduceret sats for visse indirekte skatter på ""traditionel"" rom fremstillet i Guadeloupe, Fransk Guyana, Martinique eller Réunion og om ændring af beslutning 2007/659/EF",O,KOM (2013) 0839,KOM,839,,"<div>


<p>
<strong>Forslaget er modtaget</strong> af Folketinget i dansk sprogudgave  
 den&nbsp;17. december&nbsp;2013, jf. <a href=""http://www.euo.dk/upload/application/pdf/d83cf832/Protokol2_naerhed.pdf"">Lissabontraktatens 
 protokol nr. 2</a> om kontrol med nærhedsprincippet. <strong>Fristen   
</strong>på  8 uger for fremsendelse af Folketingets begrundede udtalelse    
<strong>udløb&nbsp;ifølge IPEX&nbsp;11. februar&nbsp;2014.</strong>&nbsp; 
</p>


<div>


<div>


<p>
<a href=""/164338.docid"">Læs</a> 
Kommissionens fremsendelsesbrev     
</p>

</div>

</div>

</div>",,14,,,2016-08-30T13:00:59.487,False,,,,,,,,,,,
5,6,7,,54,"Forslag til Europa-Parlamentets og Rådets direktiv om styrkelse af visse aspekter af uskyldsformodningen og retten til at være til stede under retssagen i straffesager {SWD(2013) 478 final}
{SWD(2013) 479 final}
{SWD(2013) 500 final}",Forslag til direktiv om uskyldsformodningen og retten til at være til stede under retssagen i straffesager,O,KOM (2013) 0821,KOM,821,,"<div>


<p>
<strong>Forslaget er modtaget</strong> af Folketinget i dansk sprogudgave 
den&nbsp;18. december&nbsp;2013, jf. <a href=""http://www.euo.dk/upload/application/pdf/d83cf832/Protokol2_naerhed.pdf"">Lissabontraktatens 
protokol nr. 2</a> om kontrol med nærhedsprincippet. <strong>Fristen </strong>på 
8 uger for fremsendelse af Folketingets begrundede udtalelse 
<strong>udløb&nbsp;ifølge IPEX&nbsp;12. februar&nbsp;2014.</strong>&nbsp; 
</p>


<div>


<div>


<p>
<a href=""/164371.docid"">Læs</a> 
Kommissionens fremsendelsesbrev  
</p>

</div>

</div>

</div>",,14,,,2017-11-24T14:34:17.527,False,,,,,,,,,,,
6,7,7,,54,"Forslag til Europa-Parlamentets og Rådets direktiv om retssikkerhedsgarantier for børn, der er mistænkt eller tiltalt i straffesager","Forslag til Europa-Parlamentets og Rådets direktiv om retssikkerhedsgarantier for børn, der er mistænkt eller tiltalt i straffesager",O,KOM (2013) 0822,KOM,822,,"<div>


<p>
<strong>Forslaget er modtaget</strong> af Folketinget i dansk sprogudgave 
 den&nbsp;18. december&nbsp;2013, jf. <a href=""http://www.euo.dk/upload/application/pdf/d83cf832/Protokol2_naerhed.pdf"">Lissabontraktatens 
 protokol nr. 2</a> om kontrol med nærhedsprincippet. <strong>Fristen 
</strong>på  8 uger for fremsendelse af Folketingets begrundede udtalelse  
<strong>udløb&nbsp;ifølge IPEX&nbsp;12. februar&nbsp;2014.</strong>&nbsp; 
</p>


<div>


<div>


<p>
<a href=""/164372.docid"">Læs</a> 
Kommissionens fremsendelsesbrev   
</p>

</div>

</div>

</div>",,14,,,2016-10-28T09:50:00.633,False,,,,,,,,,,,
7,8,10,11.0,20,"Mener ministeren, at det er fair, at det offentlige på den ene side stiller krav til borgere og virksomheder om at skulle kunne kommunikere digitalt med det offentlige, når det offentlige ikke selv giver mulighed for digital kommunikation, som det er tilfældet med den manglende mulighed for digital aftaleindgåelse om NemID medarbejdersignatur for andre virksomheder end personligt ejede?",Om digital kommunikation.,O,S 727,S,727,,,,32,,,2017-12-05T19:44:13.533,False,Ingen.,,,,,,,,,,
8,9,10,11.0,20,"Mener ministeren, at det vil være en god ide at udbygge Det Centrale Virksomhedsregister, så det bliver muligt at implementere digital aftaleindgåelse om NemID medarbejdersignatur for alle virksomhedstyper på trods af, at det ikke er en del af den fællesoffentlige digitaliseringsstrategi for 2011-2015, og agter ministeren i så fald at tage initiativ hertil?",Om at udbygge Det Centrale Virksomhedsregister.,O,S 728,S,728,,,,32,,,2017-12-05T19:44:13.727,False,Ingen.,,,,,,,,,,
9,10,7,,54,"Forslag til Europa-Parlamentets og Rådets direktiv om foreløbig retshjælp til mistænkte eller tiltalte, der frihedsberøves, og retshjælp i sager angående europæiske arrestordrer","Forslag til Europa-Parlamentets og Rådets direktiv om foreløbig retshjælp til mistænkte eller tiltalte, der frihedsberøves, og retshjælp i sager angående europæiske arrestordrer",O,KOM (2013) 0824,KOM,824,,"<div>


<p>
<strong>Forslaget er modtaget</strong> af Folketinget i dansk sprogudgave 
 den&nbsp;18. december&nbsp;2013, jf. <a href=""http://www.euo.dk/upload/application/pdf/d83cf832/Protokol2_naerhed.pdf"">Lissabontraktatens 
 protokol nr. 2</a> om kontrol med nærhedsprincippet. <strong>Fristen 
</strong>på  8 uger for fremsendelse af Folketingets begrundede udtalelse  
<strong>udløb&nbsp;ifølge IPEX&nbsp;12. februar&nbsp;2014.</strong>&nbsp; 
</p>


<div>


<div>


<p>
<a href=""/164373.docid"">Læs</a> 
Kommissionens fremsendelsesbrev   
</p>

</div>

</div>

</div>",,14,,,2016-11-17T13:09:26.873,False,,,,,,,,,,,
10,11,7,,54,Forslag til Europa-Parlamentets og Rådets direktiv om Unionens retlige rammer for toldovertrædelser og -sanktioner {SWD(2013) 513-15 final},Forslag til direktiv om de retlige rammer for toldovertrædelser og -sanktioner,O,KOM (2013) 0884,KOM,884,,"<p>
<strong>Folketinget har den 27. juni 2014 sendt en <a href=""/168099.docid"">begrundet 
 udtalelse</a> til Kommissionen</strong> 
</p>


<p>
<strong>Forslaget er modtaget</strong> af Folketinget i dansk sprogudgave     
    den&nbsp;5. juni 2014, jf. <a href=""http://www.euo.dk/upload/application/pdf/d83cf832/Protokol2_naerhed.pdf"">Lissabontraktatens 
 protokol nr. 2</a> om kontrol med nærhedsprincippet. <strong>Fristen            
     </strong>på  8 uger for fremsendelse af Folketingets begrundede udtalelse   
               <strong>udløb&nbsp;ifølge IPEX&nbsp;31.  
 juli&nbsp;2014.</strong>&nbsp;      
</p>


<div>


<div>


<p>
<a href=""/167660.docid"">Læs</a> 
Kommissionens fremsendelsesbrev    
</p>

</div>

</div>",,14,,,2025-03-07T14:59:13.787,False,,,,,,,,,,,
11,12,10,11.0,20,"Vil udenrigsministeren i lyset af, at danske medier har bragt historien om, hvorledes den palæstinensiske – såkaldte – ambassadør i Tjekkiet er kommet af dage, angiveligt som følge af at han har fumlet med sprængstoffer i sit hjem, oplyse, hvorvidt man agter at undersøge, om den palæstinensiske - såkaldte - ambassadør i Danmark, hr. Amro Alhourani, i sin privatbolig eller på den palæstinensiske repræsentation på H.C. Andersens Boulevard 51 ligeledes er i besiddelse af sprængstoffer og/eller andre våben?",Om den palæstinensiske ambassadør i Tjekkiet.,O,S 729,S,729,,,,32,,,2017-12-05T19:44:13.9,False,Ingen.,,,,,,,,,,
12,13,10,11.0,20,"Vil ministeren redegøre for regeringens udenrigspolitik på narkotikaområdet generelt samt i relation til forhandlingerne i både EU-kredsen og i Commission on Narcotic Drugs forud for den årlige samling i marts 2014 samt den forudgående High Level Segment Session, herunder hvilke områder og målsætninger regeringen prioriterer i forhandlingerne?",Om regeringens udenrigspolitik på narkotikaområdet.,O,S 730,S,730,,,,32,,,2017-12-05T19:44:14.31,False,Ingen.,,,,,,,,,,
13,14,10,11.0,20,"Finder ministeren det acceptabelt, at Norwegian ikke giver kompensation til passagererne ved forsinkelser og aflysninger, jf. www.check-in.dk den 2. december 2013?",Om Norwegian ikke giver kompensation til passagererne ved forsinkelser og aflysninger.,O,S 731,S,731,,,,32,,,2017-12-05T19:44:14.54,False,Ingen.,,,,,,,,,,
14,15,10,11.0,20,"Hvad er ministerens holdning til, at straffelovens spionageparagraffer ikke i tilstrækkeligt omfang yder danske borgere og virksomheder beskyttelse mod overvågning fra fremmede magter, sådan som den afgående chef for Politiets Efterretningstjeneste (PET) gav udtryk for i Politiken søndag den 29. december 2013, og vil ministeren på den baggrund tage initiativ til en ændring af straffeloven?",Om straffelovens spionageparagraffer. ,O,S 732,S,732,,,,32,,,2017-12-05T19:44:14.743,False,Der henvises til Politiken søndag den 29. december 2013.,,,,,,,,,,
15,16,10,11.0,20,"Vil ministeren følge forslaget fra MF Trine Bramsen (S) fremsat i et  
debatindlæg den 2. januar 2014 i Fyens Stiftstidende og tage initiativ til at sænke broafgiften på Storebæltsbroen?",Om at nedsætte broafgiften på Storebæltsbroen.,O,S 733,S,733,,,,32,,,2017-12-05T19:44:14.893,False,Ingen.,,,,,,,,,,
16,17,10,11.0,20,"Vil ministeren tage initiativ til, at man ser på fællestræk af de hændelser, der har været, og til at der kommer ledelsesmæssig ansvar, så man kan rette op det og undgår lignende sager i fremtiden?",Der henvises til TV2's artiklel »Patient døde: lægebil skulle takkes« af 3. januar 2014.,O,S 734,S,734,,,,32,,,2017-12-05T19:44:15.05,False,Der henvises til TV2's artikel »Patient døde: lægebil skulle takkes« af 3. januar 2014.,,,,,,,,,,
17,18,10,11.0,20,"Er ministeren enig med MF Trine Bramsen (S), når hun i et debatindlæg den 2. januar 2014 i Fyens Stiftstidende skriver, at broafgiften på Storebæltsbroen bør nedsættes og fjernes?",Om broafgiften på Storebæltsbroen.,O,S 735,S,735,,,,32,,,2017-12-05T19:44:15.263,False,Ingen.,,,,,,,,,,
18,19,10,11.0,20,"Hvad er ministerens holdning til, at ghettobebyggelsen på Motalavej i Korsør i realiteten er et lovløst område, hvor hverken politi eller brandvæsenet kommer for at opretholde lov og orden eller for at slukke containerbrande, det er overladt til beboerne selv at ordne, og hvad vil ministeren foretage sig for at genskabe lov og orden og almindelig tryghed for beboerne?",Om ghettobebyggelsen på Motalavej i Korsør.,O,S 736,S,736,,,,32,,,2017-12-05T19:44:15.423,False,"Der henvises til artiklen: »Den Korte Avis' reporter måtte flygte fra unge voldsmænd«, Den Korte Avis den 2. januar 2014.",,,,,,,,,,
19,20,10,11.0,4,"Hvad er ministerens holdning til, at Politiets Efterretningstjeneste (PET) stadig nægter forskere fuld adgang til arkivoplysninger om Danmark under Den Kolde Krig, og – i det omfang forskerne får adgang – i mange tilfælde nægter at give forskerne tilladelse til at publicere den fremkomne viden, og mener ministeren ikke, at man i 2014 – 25 året for Murens fald, bør give forskerne tilladelser til fuld og uhindret adgang, medmindre ministeren i helt særlige og konkrete tilfælde nægter adgang, hvis hensynet til Danmarks sikkerhed fortsat betinger dette?","Om forskere, der nægtes adgang til arkivoplysninger om Den Kolde Krig.",O,S 737,S,737,,,,32,,,2017-12-05T19:44:15.593,False,Der henvises til artiklen »Kold krig – stadig varm« i BT den 30. december 2013.,,,,,,,,,,
20,21,7,,54,"Forslag til Europa-Parlamentets og Rådets direktiv om kloning af kvæg, svin, får, geder og dyr af hestefamilien, der holdes og reproduceres til landbrugsformål {SWD(2013) 519-20 final} ",Forslag til direktiv om kloning af dyr,O,KOM (2013) 0892,KOM,892,,"<div>


<p>
<strong>Forslaget er modtaget</strong> af Folketinget i dansk sprogudgave 
 den&nbsp;23. december&nbsp;2013, jf. <a href=""http://www.euo.dk/upload/application/pdf/d83cf832/Protokol2_naerhed.pdf"">Lissabontraktatens 
 protokol nr. 2</a> om kontrol med nærhedsprincippet. <strong>Fristen 
</strong>på  8 uger for fremsendelse af Folketingets begrundede udtalelse  
<strong>udløb&nbsp;ifølge IPEX&nbsp;17. februar&nbsp;2014.</strong>&nbsp; 
</p>


<div>


<div>


<p>
<a href=""/164653.docid"">Læs</a> 
Kommissionens fremsendelsesbrev   
</p>

</div>

</div>

</div>",,14,,,2025-03-07T14:26:15.85,False,,,,,,,,,,,
21,22,7,,54,Forslag til Rådets direktiv om markedsføring af fødevarer fra dyrekloner {SWD(2013) 519-20 final},Forslag til direktiv om markedsføring af fødevarer fra dyrekloner,O,KOM (2013) 0893,KOM,893,,"<div>


<p>
<strong>Forslaget er modtaget</strong> af Folketinget i dansk sprogudgave 
 den&nbsp;23. december&nbsp;2013, jf. <a href=""http://www.euo.dk/upload/application/pdf/d83cf832/Protokol2_naerhed.pdf"">Lissabontraktatens 
 protokol nr. 2</a> om kontrol med nærhedsprincippet. <strong>Fristen 
</strong>på  8 uger for fremsendelse af Folketingets begrundede udtalelse  
<strong>udløb&nbsp;ifølge IPEX&nbsp;17. februar&nbsp;2014.</strong>&nbsp; 
</p>


<div>


<div>


<p>
<a href=""/164655.docid"">Læs</a> 
Kommissionens fremsendelsesbrev   
</p>

</div>

</div>

</div>",,14,,,2025-03-07T14:27:39.673,False,,,,,,,,,,,
22,23,10,11.0,20,"Vil ministeren oplyse, om ministeren agter at tage kontakt til DBU med henblik på en præcisering af reglerne for »spillerfiskeri« af unge fodboldspillere, og i givet fald efterfølgende orientere idrætsordførerne for Folketingets partier om, hvad drøftelserne med DBU munder ud i?",Om reglerne for »spillerfiskeri« af unge fodboldspillere.,O,S 738,S,738,,,,32,,,2017-12-05T19:44:15.73,False,Spørgsmålet stilles på baggrund af Politikens artikelserie om emnet bragt løbende i den seneste uge.,,,,,,,,,,
23,24,10,11.0,20,"Hvad vil ministeren gøre for at stoppe den negative udvikling i antallet af nyetablerede virksomheder, der jf. artiklen »Nystartede virksomheder rammer ti års bund« i Børsen den 6. januar 2014 satte bundrekord i 2013?",Om den negative udvikling i antallet af nyetablerede virksomheder.,O,S 739,S,739,,,,32,,,2017-12-05T19:44:15.857,False,Ingen.,,,,,,,,,,
24,25,8,,21,Aktstykke om støtte til den 13. genopfyldning af Den afrikanske Udviklingsfond,Aktstykke om støtte til den 13. genopfyldning af Den afrikanske Udviklingsfond,O,Aktstk. 57,Aktstk.,57,,,,32,TU,,2021-06-03T13:19:16.78,False,,6.0,Udenrigsministeriet,2014-02-20T00:00:00,"Tiltrådt af Finansudvalget den 20-02-2014
Dansk folkepartis medlemmer af udvalget støtter aktstykke 57, men DF ønsker, at Danmark indstiller ulandshjælp til Uganda efter vedtagelse af homolov. Dansk Folkeparti støtter netop op om demokratiskabende tiltag, men i dette tilfælde er der tale om alvorlige angreb mod frihedsrettighederne. DF opfordrer endvidere til, at regeringen følger op på vigtigheden af en redelig regeringsførelse i forhold til de lande, som er en del af den afrikanske udviklingsfond. Enhedslisten støtter regeringens arbejde for at øge inddragelsen af civilsamfundet og opfordrer regeringen til at betone nødvendigheden af øget civilsamfundsinddragelse i AfDBs programmer.",,,,,,
25,26,7,,54,Forslag til Rådets henstilling om en kvalitetsramme for praktikophold,Forslag til Rådets henstilling om en kvalitetsramme for praktikophold,O,KOM (2013) 0857,KOM,857,,,,14,,,2016-08-30T13:01:02.407,False,,,,,,,,,,,
26,27,7,,54,Forslag til Europa-Parlamentets og Rådets forordning om nye fødevarer,Forslag til Europa-Parlamentets og Rådets forordning om nye fødevarer,O,KOM (2013) 0894,KOM,894,,"<div>


<p>
<strong>Forslaget er modtaget</strong> af Folketinget i dansk sprogudgave 
den&nbsp;23. december&nbsp;2013, jf. <a href=""http://www.euo.dk/upload/application/pdf/d83cf832/Protokol2_naerhed.pdf"">Lissabontraktatens 
protokol nr. 2</a> om kontrol med nærhedsprincippet. <strong>Fristen </strong>på 
8 uger for fremsendelse af Folketingets begrundede udtalelse 
<strong>udløb&nbsp;ifølge IPEX&nbsp;17. februar&nbsp;2014.</strong>&nbsp; 
</p>


<div>


<div>


<p>
<a href=""/164656.docid"">Læs</a> 
Kommissionens fremsendelsesbrev  
</p>

</div>

</div>

</div>",,14,,,2016-08-30T13:01:02.547,False,,,,,,,,,,,
27,28,8,,21,Aktstykke om forhøjet tilskud til retshjælpsinstitutioner og Dansk Flygtningehjælp,Aktstykke om forhøjet tilskud til retshjælpsinstitutioner og Dansk Flygtningehjælp,O,Aktstk. 58,Aktstk.,58,,,,32,TU,,2021-06-03T13:19:18.47,False,,11.0,Justitsministeriet,2014-01-16T00:00:00,Tiltrådt af Finansudvalget den 16-01-2014 ,,,,,,
28,29,8,,21,"Aktstykke om forhøjelse af nettodriftsbevillingen med 0,8 mio. kr. til Kofoeds Skole","Aktstykke om forhøjelse af nettodriftsbevillingen med 0,8 mio. kr. til Kofoeds Skole",O,Aktstk. 59,Aktstk.,59,,,,32,TU,,2021-06-03T13:19:17.877,False,,15.0,Social- og Indenrigsministeriet,2014-01-16T00:00:00,Tiltrådt af Finansudvalget den 16-01-2014 ,,,,,,
29,30,8,,21,Aktstykke om forhøjelse af nettodriftsbevilling på 1 mio. kr. vedr. Rådet for Socialt Udsatte,Aktstykke om forhøjelse af nettodriftsbevilling på 1 mio. kr. vedr. Rådet for Socialt Udsatte,O,Aktstk. 60,Aktstk.,60,,,,32,TU,,2021-06-03T13:19:19.537,False,,15.0,Social- og Indenrigsministeriet,2014-01-16T00:00:00,Tiltrådt af Finansudvalget den 16-01-2014 ,,,,,,
30,31,7,,54,Forslag til Europa-Parlamentets og Rådets direktiv om begrænsning af visse luftforurenende emissioner fra mellemstore fyringsanlæg,Forslag til Europa-Parlamentets og Rådets direktiv om begrænsning af visse luftforurenende emissioner fra mellemstore fyringsanlæg,O,KOM (2013) 0919,KOM,919,,"<div>


<p>
<strong>Forslaget er modtaget</strong> af Folketinget i dansk sprogudgave 
den&nbsp;23. december&nbsp;2013, jf. <a href=""http://www.euo.dk/upload/application/pdf/d83cf832/Protokol2_naerhed.pdf"">Lissabontraktatens 
protokol nr. 2</a> om kontrol med nærhedsprincippet. <strong>Fristen </strong>på 
8 uger for fremsendelse af Folketingets begrundede udtalelse 
<strong>udløb&nbsp;ifølge IPEX&nbsp;17. februar&nbsp;2014.</strong>&nbsp; 
</p>


<div>


<div>


<p>
<a href=""/164657.docid"">Læs</a> 
Kommissionens fremsendelsesbrev  
</p>

</div>

</div>

</div>",,14,,,2016-08-30T13:01:02.72,False,,,,,,,,,,,
31,32,10,11.0,20,"Mener ministeren, at en station i Holeby vil skabe bedre vilkår for den enkelte borger og erhvervslivet på Sydlolland, når Femern Bælt-forbindelsen er etableret?",Om etablering af en station i Holeby.,O,S 740,S,740,,,,32,,,2017-12-05T19:44:16.623,False,Ingen.,,,,,,,,,,
32,33,7,,54,"Forslag til Europa-Parlamentets og Rådets direktiv om nedbringelse af nationale emissioner af visse luftforurenende stoffer og om ændring af direktiv 2003/35/EF (EØS-relevant tekst)
{SWD(2013) 531 final}
{SWD(2013) 532 final}
{SWD(2013) 537 final}",Forslag til direktiv om nedbringelse af nationale emissioner af luftforurenende stoffer NEC-direktivet),O,KOM (2013) 0920,KOM,920,,"<div>


<p>
<strong>Forslaget er modtaget</strong> af Folketinget i dansk sprogudgave 
 den&nbsp;23. december&nbsp;2013, jf. <a href=""http://www.euo.dk/upload/application/pdf/d83cf832/Protokol2_naerhed.pdf"">Lissabontraktatens 
 protokol nr. 2</a> om kontrol med nærhedsprincippet. <strong>Fristen 
</strong>på  8 uger for fremsendelse af Folketingets begrundede udtalelse  
<strong>udløb&nbsp;ifølge IPEX&nbsp;17. februar&nbsp;2014.</strong>&nbsp; 
</p>


<div>


<div>


<p>
<a href=""/164658.docid"">Læs</a> 
Kommissionens fremsendelsesbrev   
</p>

</div>

</div>

</div>",,14,,,2019-05-22T13:03:46.827,False,,,,,,,,,,,
33,34,10,11.0,20,"Vil ministeren jf. svar på spørgsmålene S 592 og S 594 forholde sig til de bekymringer, som over 170 civilsamfundsorganisationer har givet udtryk for netop omkring ISDS-ordningen, og vil ministeren i det lys fortsat holde fast i, at ordningen ikke vil få negative politiske eller økonomiske konsekvenser og i så fald på hvilken baggrund?",Om ISDS-ordningen.,O,S 741,S,741,,,,32,,,2017-12-05T19:44:16.76,False,Der henvises til oplysningen i artiklen »Afrika Kontakt og 170 organisationer sender klart budskab til chefforhandlere« på hjemmesiden www.afrika.dk.,,,,,,,,,,
34,35,10,11.0,20,"Hvad er regeringens holdning til det punkt på dagsordenen for mødet i Joint Committee den 8. januar 2014, hvor repræsentanter fra transportmyndighederne i EU og USA bl.a. skal drøfte Norwegians ansøgning via et irsk driftsselskab om at flyve mellem lufthavne i Europa og USA med personale fra lande uden for EU/EØS?",Om Norwegians ansøgning om at flyve mellem lufthavne i Europa og USA.,O,S 742,S,742,,,,32,,,2017-12-05T19:44:16.907,False,Ingen.,,,,,,,,,,
35,36,10,11.0,20,"Hvilke følger mener ministeren, at politirazziaer på gadeplan over for udenlandske kvinder i prostitution kan have for kvindernes forhold til at give oplysninger til og samarbejde med politiet, særligt i lyset af, at kvinderne ofte er potentielle ofre for menneskehandel?",Om politirazziaer over for udenlandske prostituerede.,O,S 743,S,743,,,,32,,,2017-12-05T19:44:17.57,False,Ingen.,,,,,,,,,,
36,37,10,11.0,20,"Finder ministeren det tilfredsstillende, at identificerede ofre for menneskehandel alene har samarbejdet med dansk politi og anklagemyndighed i otte sager fra 2007 til 2012, og hvilke tiltag vil regeringen eventuelt tage for at hæve dette tal?",Om menneskehandel.,O,S 744,S,744,,,,32,,,2017-12-05T19:44:17.77,False,Ingen.,,,,,,,,,,
37,38,5,15.0,3,Forslag til folketingsbeslutning om brug af elektronisk fodlænke på kriminelle asylansøgere og udlændinge på tålt ophold.,Om brug af elektronisk fodlænke på kriminelle på tålt ophold.,O,B 35,B,35,,"Beslutningsforslaget havde til formål at forebygge og dermed nedbringe kriminaliteten blandt asylansøgere ved at indføre brugen af elektroniske fodlænker. Desuden havde beslutningsforslaget til formål at sikre en større kontrol med udlændinge på tålt ophold, ligeledes via en udvidet brug af elektroniske fodlænker.","Forkastet

13 stemmer for forslaget (DF)

98 stemmer imod forslaget (V, S, RV, SF, EL, LA, KF, UFG)

0 stemmer hverken for eller imod forslaget

",32,,,2018-10-02T12:52:35.997,False,,,,,,,,,,,
38,39,10,11.0,20,"Hvad er ministerens holdning til, at Kriminalforsorgen giver udgang til notoriske indbrudstyve i juledagene, hvor mange hjem står tomme, fordi familier er samlet til juleaften og julefrokost, hvilket giver indbrudstyvene »ideelle arbejdsbetingelser« for at begå stribevis af nye indbrud, og vil ministeren tage initiativ til at sikre, at Kriminalforsorgen fremover ikke giver udgang til indsatte indbrudstyve i juledagene, og om nødvendigt ændrer love og regler, der skulle forhindre et sådant tiltag?",Om at give udgang til indsatte indbrudstyve i juledagene.,O,S 745,S,745,,,,32,,,2017-12-05T19:44:18.517,False,"Kriminalforsorgen giver udgang i juledagene til dømte for indbrud. Det giver desværre mulighed for, at nogle kan fortsætte, hvor de slap, før de blev sat ind. Antallet af indbrud er stigende fra 1360 i 2012 til 1618 i 2013 i perioden fra den 20. til den 26. december 2013. Kriminalforsorgen forklarer det med, at det kun er nyligt dømte, der kan forhindres i at komme på udgang.  
Det burde være sådan, at dømte for indbrudstyveri ikke kan få udgang i juledagene, og i hvert fald ikke personer, der notorisk (gentagne gange) er dømt for indbrudstyveri. Skulle eksisterende love og regler være imod et sådant princip, opfordres ministeren til at ændre disse, så udgang til notoriske indbrudstyve kan forhindres i juledagene.",,,,,,,,,,
39,40,6,,54,Rådsmøde nr. 3288 (udenrigsanliggender) den 20. januar 2014,Rådsmøde udenrigsanl. 20/1-14,O,Rådsmøde 3288 - Udenrigsanl.,,,,,,14,,,2016-08-30T13:07:53.597,False,,,,,,2014-01-20T00:00:00,,,,,
40,41,7,,54,Forslag til Rådets afgørelse om ændring af beslutning 2009/831/EF for så vidt angår dens anvendelsesperiode,Forslag til Rådets afgørelse om ændring af beslutning 2009/831/EF for så vidt angår dens anvendelsesperiode,O,KOM (2013) 0930,KOM,930,,"<div>


<p>
<strong>Forslaget er modtaget</strong> af Folketinget i dansk sprogudgave  
den&nbsp;9.&nbsp;januar&nbsp;2014, jf. <a href=""http://www.euo.dk/upload/application/pdf/d83cf832/Protokol2_naerhed.pdf"">Lissabontraktatens 
 protokol nr. 2</a> om kontrol med nærhedsprincippet. <strong>Fristen  
</strong>på  8 uger for fremsendelse af Folketingets begrundede udtalelse  
<strong>udløb  ifølge IPEX&nbsp;6.&nbsp;marts&nbsp;2014.</strong>&nbsp; 
</p>


<div>


<div>


<p>
<a href=""/164799.docid"">Læs</a> 
Kommissionens fremsendelsesbrev    
</p>

</div>

</div>

</div>",,14,,,2016-08-30T13:01:02.97,False,,,,,,,,,,,
41,42,10,11.0,20,"Finder ministeren ikke grund til at være bekymret for ISDS-ordningens politiske og økonomiske konsekvenser for Danmark set i lyset af rapporten »A Transatlantic Corporate Bill of Rights« (s. 8) påpegning af, at den såkaldte »right to regulate«-klausul ikke vil være et værn mod søgsmål fra investorer (jf. svarene på spørgsmål nr. S 592 og S 594)?",Om rapporten »A Transatlantic Corporate Bill of Rights«.,O,S 746,S,746,,,,32,,,2017-12-05T19:44:18.67,False,Der henvises til rapporten »A Transatlantic Corporate Bill of Rights« på TNI’s hjemmeside.,,,,,,,,,,
42,43,10,11.0,20,"Er ministeren enig med statsministeren i, at »Fair Løsning« duer, som statsministeren udtalte ved sin tiltræden, eller med finansministeren, der mener, at »Fair Løsning« er katastrofalt underfinansieret, og er det på grund af loyalitetshensyn over for statsministeren, at ministeren vælger at gengive statsministerens holdning i programmet 1240K på TV 2 News den 22. november 2013 ved at påstå, at »Fair Løsning« var »fuldt finansieret«?",Om »Fair Løsning« er fuldt finansieret.,O,S 747,S,747,,,,32,,,2017-12-05T19:44:19.007,False,Ingen.,,,,,,,,,,
43,44,10,11.0,20,"Mener ministeren, at det er betryggende for tilliden til regeringen, at ministeren i programmet 1240K på TV 2 News den 22. november 2013 påstod, at »Fair Løsning« var »fuldt finansieret«, når »Fair Løsning« ifølge finansministeren er katastrofalt underfinansieret?",Om »Fair Løsning« er fuldt finansieret.,O,S 748,S,748,,,,32,,,2017-12-05T19:44:22.707,False,Ingen.,,,,,,,,,,
44,45,10,11.0,20,"Fortryder ministeren, at han beskyldte fhv. finansminister Claus Hjort Frederiksen for at være for opfindsom i vurderingen af Socialdemokraternes og SF's katastrofalt underfinansierede økonomiske plan »Fair Løsning« i programmet 1240K på TV 2 News den 22. november 2013?",Om den økonomiske plan »Fair Løsning«.,O,S 749,S,749,,,,32,,,2017-12-05T19:44:22.843,False,Ingen.,,,,,,,,,,
45,46,10,11.0,20,"Mener ministeren, at den vurdering af »Fair Løsning«, som blev foretaget af VK-regeringen, og som finansministeren har henvist til, er retvisende, og vil ministeren i modsat fald bede finansministeren foretage en ny vurdering?",Om vurdering af »Fair Løsning«.,O,S 750,S,750,,,,32,,,2017-12-05T19:44:22.993,False,Ingen.,,,,,,,,,,
46,47,10,11.0,20,"Er det ministerens holdning, at »Fair Løsning« fuldt implementeret ville have gavnet væksten i Danmark?",Om implementering af »Fair Løsning«.,O,S 751,S,751,,,,32,,,2017-12-05T19:44:23.127,False,Ingen.,,,,,,,,,,
47,48,10,11.0,20,"Vil ministeren tage initiativ til at indføre et loft over antallet af interne møder i det offentlige, eventuelt som en forsøgsordning på ministerens eget område, som han foreslog i et interview med Altinget.dk den 26. januar 2011, og som man må formode var et element i den katastrofalt underfinansierede socialdemokratiske plan for Danmarks økonomi, »Fair Løsning«?",Om loft over antallet af interne møder i det offentlige.,O,S 752,S,752,,,,32,,,2017-12-05T19:44:23.3,False,Ingen.,,,,,,,,,,
48,49,10,11.0,20,"Hvad er ministerens holdning til, at der i mere end to år angiveligt har fundet åbenlys hashhandel sted på en villavej i Vejle, uden at myndighederne har grebet ind, så det er blevet stoppet, og hvilke initiativer påtænker ministeren at tage for at få standset dette, herunder at afsætte de nødvendige ressourcer til politiet?",Om hashhandel på en villavej i Vejle.,O,S 753,S,753,,,,32,,,2017-12-05T19:44:23.457,False,"Ifølge artiklen »Hashhandel på villavej skal stoppes« i Vejle Amts Folkeblad den 4. januar 2014 har der fundet åbenlys hashhandel sted på Ny Grejsdalsvej i Vejle i mere end to og et halvt år. Og ifølge artiklen har beboerne forsøgt at få politiet til at gøre noget ved denne handel. Men politiet har formentlig på grund af ressourcemangel ikke fået stoppet pusherne i villakvarteret, og ifølge en beboer sendte politiet ikke engang en patrulje af sted, efter hun havde foretaget en anmeldelse. 

Spørgeren finder, at det, der angiveligt foregår på den omtalte villavej, er helt uacceptabelt. Hashhandel skal stoppes hurtigst muligt, og politiet skal rykke ud, når man modtager anmeldelse om noget sådant. Hvis det viser sig, at det er fordi, der mangler ressourcer til at løfte denne opgave, så bør dette indgå i ministerens overvejelser.",,,,,,,,,,
49,50,10,11.0,20,"Hvilke overvejelser gør ministeren sig i forhold til at gøre noget ved de urimelige stigninger, som landets realkreditinstitutter har overvæltet på deres kunder i form af stærkt forhøjede bidragssatser og kursskæring på ejendomslån?",Om forhøjede bidragssatser og kursskæring på ejendomslån.,O,S 754,S,754,,,,32,,,2017-12-05T19:44:23.627,False,Ingen.,,,,,,,,,,
50,51,7,,54,"Meddelelse fra Kommissionen til Europa-Parlamentet, Rådet, Det Europæiske Økonomiske og Sociale Udvalg og Regionsudvalget – En ny EU-skovstrategi: for skove og den skovbaserede sektor","Meddelelse fra Kommissionen til Europa-Parlamentet, Rådet, Det Europæiske Økonomiske og Sociale Udvalg og Regionsudvalget – En ny EU-skovstrategi: for skove og den skovbaserede sektor",O,KOM (2013) 0659,KOM,659,,,,14,,,2016-08-30T13:01:03.093,False,,,,,,,,,,,
51,52,10,11.0,4,"Hvilke overvejelser gør ministeren sig, set i forhold til at rigtig mange pensionister med store friværdier i deres ejendomme tilsyneladende nægtes lån i deres friværdi og dermed kun har dyre forbrugslån i bankerne som eneste alternativ?
","Om pensionister, der nægtes lån.",O,S 755,S,755,,,,32,,,2017-12-05T19:44:23.757,False,Ingen.,,,,,,,,,,
52,53,10,11.0,20,"Vil ministeren under henvisning til svar på spørgsmål nr. S 3849 den 13. september 2012 samt svar på spørgsmål nr. S 2316 den 13. september 2013 redegøre for, hvilke overvejelser ministeren og ministeriet har gjort sig i forbindelse med indførelse af synlige identifikationsnumre på polititjenestemænds uniformer, samt hvilken konklusion ministeren er nået frem til?",Om synlige identifikationsnumre på polititjenestemænds uniformer.,O,S 756,S,756,,,,32,,,2017-12-05T19:44:23.89,False,Ingen.,,,,,,,,,,
53,54,10,11.0,20,"Hvad agter ministeren at gøre for de borgere, der har oplevet store personlige og materielle konsekvenser af stormfloden i december 2013?",Om personlige og materielle konsekvenser af stormfloden.,O,S 757,S,757,,,,32,,,2017-12-05T19:44:24.05,False,Ingen.,,,,,,,,,,
54,55,10,11.0,20,"Hvad er ministerens holdning til, at utilpassede unge indvandrerdrenge flere steder i landet, bl.a. omkring Motalavej i Korsør, driver gæk med politiet og lovlydige borgere, og hvilke initiativer vil ministeren tage for at dæmme op for problemerne?",Om at utilpassede unge indvandrerdrenge flere steder i landet driver gæk med politiet og lovlydige borgere.,O,S 758,S,758,,,,32,,,2017-12-05T19:44:24.177,False,Ingen.,,,,,,,,,,
55,56,10,11.0,13,"Hvad er ministerens holdning til, at antallet af lommetyverier i 2013 steg for fjerde år i træk, og vurderer ministeren, at grænsekontrol kan være med til at reducere omfanget af omrejsende kriminelle tyvebander, der søger mod Danmark for at stjæle?",Om antallet af lommetyverier.,O,S 759,S,759,,,,32,,,2017-12-05T19:44:24.32,False,Ingen.,,,,,,,,,,
56,57,10,11.0,20,"Er ministeren enig i, at de danske lystbådehavne ofte genererer erhvervsaktivitet og et turistmæssig attraktivt miljø, hvis positive effekter rækker langt ud over de rent sejladsmæssige forhold, og at fritidssejlads udgør et vigtigt element i bevarelsen af Det Blå Danmark og Danmark som et land, hvor den maritime industri har en bred og vigtig, folkelig forankring?",Om lystbådehavne.,O,S 760,S,760,,,,32,,,2017-12-05T19:44:24.46,False,Ingen.,,,,,,,,,,
57,58,10,11.0,20,"Er ministeren enig i, at der er behov for at hjælpe en lang række danske lystbådehavne som følge af stormen Bodils hærgen, idet lystbådehavnene for få år siden er blevet undtaget stormflodsordningen, idet havnene typisk ikke har mulighed for selv at forsikre sig mod sådanne skader, og idet skaderne fra Bodil har antaget et uventet stort omfang, der truer mange havne på deres eksistens, henset til daværende erhvervsministers udsagn i svaret på spørgsmål 1, ERU alm. del af 4. oktober 2012, hvor ministeren oplyste at ville »følge udviklingen på dette område, herunder virkningerne af den nye negativliste, og på baggrund af de indhøstede erfaringer overveje, om der måtte være behov for at justere reglerne«?",Om stormen Bodils hærgen i lystbådehavne.,O,S 761,S,761,,,,32,,,2017-12-05T19:44:24.627,False,Ingen.,,,,,,,,,,
58,59,5,15.0,3,Forslag til folketingsbeslutning om varigheden af tidsbegrænsede opholdstilladelser.,Om varigheden af tidsbegrænsede opholdstilladelser.,O,B 36,B,36,,"Beslutningsforslaget indebar, at tidsbegrænsede opholdstilladelser efter udlændingelovens § 7 (konventionsflygtninge) og § 9 b (humanitært ophold) blev tildelt for 1 år ad gangen, hvorefter der skulle indgives ansøgning om en ny tidsbegrænset opholdstilladelse. Formålet med forslaget var, at myndighederne oftere end i dag skulle kontrollere, om forudsætningerne for en tidsbegrænset opholdstilladelse havde ændret sig, så den pågældende kunne sendes tilbage til sit hjemland.","Forkastet

13 stemmer for forslaget (DF)

94 stemmer imod forslaget (V, S, RV, SF, EL, LA, KF)

0 stemmer hverken for eller imod forslaget

",32,,,2018-10-02T12:53:02.097,False,,,,,,,,,,,
59,60,10,11.0,20,"Hvad er ministerens holdning til episoderne omkring Motalavej i Korsør, hvor utilpassede unge gennem længere tid har chikaneret borgerne, herunder brugerne af et værested for psykisk syge, hvorfor værestedet er blevet lukket?","Om utilpassede unge, der generer borgere og psykisk syge på Motalavej i Korsør.",O,S 762,S,762,,,,32,,,2017-12-05T19:44:25.243,False,Ingen.,,,,,,,,,,
60,61,10,11.0,20,"Hvad vil ministeren gøre for at forhindre, at grupper af utilpassede unge hærger områder, som det f.eks. er sket på Motalavej i Korsør, og chikanerer borgerne i et omfang, så de tvinges til at flytte og offentlige institutioner og forretninger lukkes?","Om utilpassede unge, der generer borgere og institutioner.",O,S 763,S,763,,,,32,,,2017-12-05T19:44:25.43,False,Ingen.,,,,,,,,,,
61,62,10,11.0,4,"Mener ministeren, at udvidelsen af ghettokriterierne, jf. lovforslag nr. L 45, der blev vedtaget den 19. december 2013, giver bedre mulighed for at identificere boligområder med problemer af en karakter som set i f.eks. Motalavej i Korsør i de seneste uger?",Om udvidelsen af ghettokriterierne,O,S 764,S,764,,,,32,,,2017-12-05T19:44:25.577,False,Ingen.,,,,,,,,,,
62,63,10,11.0,4,"Hvilket af de fem nugældende ghettokriterier mener ministeren ville være bedst i forhold til at identificere f.eks. de problemer, der er i et boligområde såsom Motalavej i Korsør?",Om ghettoproblemer i et boligområde.,O,S 765,S,765,,,,32,,,2017-12-05T19:44:25.723,False,Ingen.,,,,,,,,,,
63,64,8,,21,Tidligere fortroligt aktstykke om dansk genindtræden i NATO Alliance Ground Surveillance program,Tidligere fortroligt aktstykke om dansk genindtræden i NATO Alliance Ground Surveillance program,O,Aktstk. 61,Aktstk.,61,,,,32,TF,,2021-06-03T13:22:28.73,False,,12.0,Forsvarsministeriet,2012-12-13T00:00:00,"Tiltrådt af et flertal i Finansudvalget den 13-12-2012 (udvalget med undtagelse af Enhedslistens medlemmer, der stemte imod aktstykket)",,,,,,
64,65,8,,21,Tidligere fortroligt aktstykke om anskaffelse af personlige radioer (Personel Role Radio),Tidligere fortroligt aktstykke om anskaffelse af personlige radioer (Personel Role Radio),O,Aktstk. 62,Aktstk.,62,,,,32,TU,,2021-06-03T13:22:27.963,False,,12.0,Forsvarsministeriet,2012-06-07T00:00:00,Tiltrådt af Finansudvalget den 07-06-2012 ,,,,,,
65,66,3,13.0,11,Forslag til lov om tillægsbevilling for finansåret 2013.,Om tillægsbevillingsloven for finansåret 2013.,O,L 105,L,105,,"Loven formaliserer de bevillingsændringer, som i finansårets løb er foretaget på forventet efterbevilling. Forslaget til tillægsbevilling har dermed en bevillingsretlig og ikke en statsfinansiel funktion.","Vedtaget

106 stemmer for forslaget (V, S, DF, RV, SF, EL, LA, KF, UFG)

0 stemmer imod forslaget

0 stemmer hverken for eller imod forslaget

",32,,,2017-12-05T19:44:26.163,True,,,,,,,1,2014-03-18T00:00:00,,,
66,67,10,11.0,20,"Hvad er ministerens holdning til, at Politiets Efterretningstjeneste (PET) stadig nægter forskere fuld adgang til arkivoplysninger om Danmark under den kolde krig og – i det omfang forskerne får adgang – i mange tilfælde nægter at give forskerne tilladelse til at publicere den fremkomne viden, og mener ministeren ikke, at man i 2014 – 25-året for Murens fald – bør give forskerne tilladelser til fuld og uhindret adgang, medmindre ministeren i helt særlige og konkrete tilfælde nægter adgang, hvis hensynet til Danmarks sikkerhed fortsat betinger dette?",Om adgang til arkivoplysninger om Danmark under den kolde krig.,O,S 766,S,766,,,,32,,,2017-12-05T19:44:26.297,False,"Der henvises til artikler fra bt.dk: »PET-chef tavs om overvågede politikere: Skjuler sandheden om aflytninger«, og »Margrethe Auken blev aflyttet af PET: Jeg har aldrig hørt et ord« fra den 25. november 2013, samt »PET vil holde oplysninger hemmelige: Sandheden om KGB's danske venner skjules« fra den 24. december 2013.
",,,,,,,,,,
67,68,3,13.0,11,Forslag til lov om ændring af lov om Det Centrale Personregister. (Tildeling af nyt personnummer i særlige tilfælde i forbindelse med identitetsmisbrug samt ophævelse af markeringer i CPR om forskerbeskyttelse).,Om tildeling af nyt personnummer i særlige tilfælde.,O,L 110,L,110,,"Med loven vil det i særlige tilfælde være muligt at tildele et nyt personnummer til en person, hvis personnummer indgår eller har indgået i forbindelse med misbrug af den pågældendes identitet. Med loven ophæves desuden den markering, som efter anmodning kan indsættes i CPR med henblik på at sikre, at vedkommende ikke modtager henvendelser i forbindelse med statistiske og videnskabelige undersøgelser, såkaldt forskerbeskyttelse. ","Vedtaget

110 stemmer for forslaget (V, S, DF, RV, SF, EL, LA, KF, UFG)

0 stemmer imod forslaget

0 stemmer hverken for eller imod forslaget

",32,,,2017-12-05T19:44:26.493,False,,,,,,,311,2014-03-29T00:00:00,,,
68,69,3,13.0,11,Forslag til lov om Danmarks Innovationsfond.,Om Danmarks Innovationsfond.,O,L 107,L,107,,"Loven om Danmarks Innovationsfond bygger på et forlig mellem regeringen og alle Folketingets partier. Loven samler tre støtteområder (Det Strategiske Forskningsråd, Højteknologifonden og Rådet for Teknologi og Innovation) i én ny organisation: Danmarks Innovationsfond – Fonden for strategisk forskning, højteknologi og innovation.

Tre lovforslag blev behandlet under ét i Folketinget for at gennemføre omlægningen: L 107, L 108 og L 109.","Vedtaget

111 stemmer for forslaget (V, S, DF, RV, SF, EL, LA, KF, UFG)

0 stemmer imod forslaget

0 stemmer hverken for eller imod forslaget

",32,,,2017-12-05T19:44:27.94,False,,,,,,,306,2014-03-29T00:00:00,,,
69,70,3,13.0,11,Forslag til lov om ændring af lov om forskningsrådgivning m.v. og forskellige andre love og om ophævelse af lov om Højteknologifonden. (Ændringer som følge af lov om Danmarks Innovationsfond).,Om konsekvensændringer som følge af lov om Danmarks Innovationsfond.,O,L 109,L,109,,"Loven om Danmarks Innovationsfond bygger på et forlig mellem regeringen og alle Folketingets partier. Loven samler tre støtteområder (Det Strategiske Forskningsråd, Højteknologifonden og Rådet for Teknologi og Innovation) i én ny organisation: Danmarks Innovationsfond – Fonden for strategisk forskning, højteknologi og innovation.

Tre lovforslag blev behandlet under ét i Folketinget for at gennemføre omlægningen: L 107, L 108 og L 109.","Vedtaget

111 stemmer for forslaget (V, S, DF, RV, SF, EL, LA, KF, UFG)

0 stemmer imod forslaget

0 stemmer hverken for eller imod forslaget

",32,,,2017-12-05T19:44:30.31,False,,,,,,,310,2014-03-29T00:00:00,,,
70,71,3,13.0,11,Forslag til lov om ændring af lov om teknologi og innovation og lov om offentlige forskningsinstitutioners kommercielle aktiviteter og samarbejde med fonde. (Ændringer som følge af lov om Danmarks Innovationsfond m.v.).,Om konsekvensændringer som følge af lov om Danmarks Innovationsfond og regulering af innovationsnetværk.,O,L 108,L,108,,"Loven om Danmarks Innovationsfond bygger på et forlig mellem regeringen og alle Folketingets partier. Loven samler tre støtteområder (Det Strategiske Forskningsråd, Højteknologifonden og Rådet for Teknologi og Innovation) i én ny organisation: Danmarks Innovationsfond – Fonden for strategisk forskning, højteknologi og innovation.

Tre lovforslag blev behandlet under ét i Folketinget for at gennemføre omlægningen: L 107, L 108 og L 109.","Vedtaget

111 stemmer for forslaget (V, S, DF, RV, SF, EL, LA, KF, UFG)

0 stemmer imod forslaget

0 stemmer hverken for eller imod forslaget

",32,,,2017-12-05T19:44:30.68,False,,,,,,,309,2014-03-29T00:00:00,,,
71,72,3,13.0,11,"Forslag til lov om ændring af straffeloven, retsplejeloven, lov om våben og eksplosivstoffer, lov om politiets virksomhed og lov om fuldbyrdelse af straf m.v. (Initiativer mod rocker- og bandekriminalitet m.v.).",Om initiativer mod rocker- og bandekriminalitet.,O,L 112,L,112,,"Formålet med loven er at styrke rammerne for forebyggelse og bekæmpelse af rocker- og bandekriminalitet gennem bedre redskaber for de involverede myndigheder i både den forebyggende og den retshåndhævende fase, gennem skærpede straffe og gennem skærpede regler om fuldbyrdelse af straffe m.v.

Loven indeholder følgende hovedpunkter:
-	Strafskærpelser
-	Skærpede regler for udgang og prøveløsladelse m.v.
-	Bedre værktøjer til de involverede myndigheder
-	Styrkelse af den forebyggende indsats
-	Styrkelse af exit-indsatsen.

I forbindelse med 3. behandling af lovforslaget blev der vedtaget ændringsforslag, der indebærer en udvidelse af straffelovens § 81 a til også at omfatte simpel vold, ulovlig tvang, frihedsberøvelse, trusler, afpresning og røveri.

Loven træder i kraft den 1. juli 2014. 
","Vedtaget

97 stemmer for forslaget (V, S, DF, RV, SF, LA, KF)

8 stemmer imod forslaget (EL)

0 stemmer hverken for eller imod forslaget

",32,,,2017-12-05T19:44:30.907,False,,,,,,,733,2014-06-25T00:00:00,,,
72,73,3,13.0,11,"Forslag til lov om ændring af lov om fyrværkeri og andre pyrotekniske artikler. (Indskrænkning af salgs- og anvendelsesperiode for fyrværkeri, ændring af gebyrordning m.v.).",Om ændring af anvendelsesperiode for fyrværkeri.,O,L 111,L,111,,"Loven indskrænker salgs- og anvendelsesperioden for fyrværkeri til forbrugere, så anvendelsesperioden fremover er fra den 27. december til den 1. januar, og salgsperioden fra den 15. december til den 31. december. Formålet er at mindske generne fra fyrværkeri for mennesker og dyr. Tidligere var det tilladt at anvende fyrværkeri fra den 1. december til den 5. januar, og det var tilladt at sælge det fra den 1. december til den 31. december. 

Loven medfører endvidere en omlægning af opkrævningen af omkostninger ved eksterne undersøgelser af fyrværkeriartikler. Betalingen er målrettet de virksomheder, der meddeles et påbud eller forbud, hvorimod virksomheder, der lever op til sikkerhedskravene, ikke bliver pålagt omkostninger.

Loven trådte i kraft den 1. juli 2014.","Vedtaget

69 stemmer for forslaget (S, DF, RV, SF, EL, UFG)

39 stemmer imod forslaget (V, LA, KF)

0 stemmer hverken for eller imod forslaget

",32,,,2017-12-05T19:44:31.123,False,,,,,,,267,2014-03-25T00:00:00,,,
73,74,3,13.0,11,Forslag til lov om ændring af færdselsloven. (Skærpet indsats mod kørsel i påvirket tilstand m.v.).,Om skærpet indsats mod kørsel i påvirket tilstand m.v.,O,L 113,L,113,,"Formålet med loven er at gennemføre den del af regeringens strategi mod spiritus- og narkobilisme fra november 2013, der kræver lovgivning. Strategien skærper politiets fokus på personer, der bliver ved med at køre spiritus- eller narkopåvirket.

Loven indebærer, at generhvervelse af førerretten efter frakendelse som følge af spirituskørsel eller kørsel under påvirkning af bevidsthedspåvirkende stoffer m.v. også skal gøres betinget af gennemførelse af et kursus om bl.a. kørsel under påvirkning af bevidsthedspåvirkende stoffer m.v. Desuden udvides færdselslovens konfiskationsordning i sager, hvor der køres i påvirket tilstand. 

Derudover indsættes der i færdselsloven en udtrykkelig hjemmel for politiet til at kunne fratage en person kørekortet på stedet (straksfratagelse) i tilfælde, hvor der er mistanke om, at den pågældende har kørt spiritus- eller narkokørsel, og samtidig er risiko for, at den pågældende umiddelbart herefter vil gøre det igen. 

Endvidere indebærer loven, at en række bestemmelser om alkolåsordningen ophæves og affattes på ny for at foretage konsekvensændringer heri i lyset af de øvrige dele af loven. Med loven foreslås endelig en lovteknisk ændring af en række af færdselslovens betalingsbestemmelser.

Loven træder i kraft den 1. juli 2014. Dog bemyndiges justitsministeren til at fastsætte tidspunktet for ikrafttrædelsen af lovens § 1, nr. 11, og § 2 træder i kraft dagen efter bekendtgørelsen i Lovtidende.
","Vedtaget

99 stemmer for forslaget (V, S, DF, RV, SF, KF, UFG)

12 stemmer imod forslaget (EL, LA)

0 stemmer hverken for eller imod forslaget

",32,,,2017-12-05T19:44:31.383,False,,,,,,,457,2014-05-14T00:00:00,,,
74,75,10,11.0,20,"Er ministeren villig til at følge opfordringen fra direktøren for Danske Patienter, Morten Freil, som udtrykt i artiklen »Danske Patienter: Det har vi ventet på længe« den 13. januar 2014 i Århus Stiftstidende og udarbejde en ensartet løsning for fremlæggelse og sammenligning af sygehusdata?",Om løsning for fremlæggelse og sammenligning af sygehusdata.,O,S 767,S,767,,,,32,,,2017-12-05T19:44:31.523,False,Ingen.,,,,,,,,,,
75,76,3,13.0,11,Forslag til lov om ændring af lov om visse aspekter af Danmarks Eksportråds virke. (Nedlæggelse af bestyrelsen for Danmarks Eksportråd og ændret procedure for udpegning af medlemmer til eksportfremmebevillingsudvalget m.v.).,Om nedlæggelse af bestyrelsen for Danmarks Eksportråd m.v.,O,L 115,L,115,,"Loven medfører, at Eksportrådets bestyrelse nedlægges og proceduren for udpegning af medlemmer til eksportfremmebevillingsudvalget ændres. Det er hensigten, at nedlæggelsen af bestyrelsen modsvares af oprettelsen af et bredere rådgivende udenrigsøkonomisk og erhvervsorienteret organ, Udenrigsøkonomisk Forum, som skal rådgive handels- og europaministeren om de internationale aspekter af den danske vækstdagsorden og strategiske tilgange hertil. 

Ændringerne er begrundet i, at der siden etableringen af Eksportrådet i 2000 inden for rammerne af udenrigstjenesten er udnævnt en selvstændig minister for området med en deraf følgende politisk opprioritering m.v. Betingelserne for bestyrelsens virke er ændret i et sådant omfang, at bestyrelsen ikke længere på en meningsfuld måde kan varetage de opgaver, som den oprindelig blev stillet.

Formålet med lovændringen er, at rådgivningen af handels- og europaministeren og Eksportrådet bliver mere tidssvarende. 

Loven trådte i kraft den 1. maj 2014, hvor Eksportrådets bestyrelsesmedlemmers mandat udløb.
","Vedtaget

104 stemmer for forslaget (V, S, DF, RV, SF, EL, LA, KF, UFG)

0 stemmer imod forslaget

0 stemmer hverken for eller imod forslaget

",32,,,2017-12-05T19:44:32.833,False,,,,,,,361,2014-04-11T00:00:00,,,
76,77,3,13.0,11,"Forslag til lov om ændring af lov om fonde og visse foreninger. (Forhøjelse af beløbsgrænsen for små fonde, udvidet adgang til uddeling af gaver, indsigt i fonde og foreningers årsregnskaber m.v.).",Om forhøjelse af beløbsgrænsen for små fonde m.v.,O,L 114,L,114,,"Loven indeholder bl.a. nye regler, der skærper kravene til fondsledelsens uafhængighed og justerer kriterierne for udtræden af bestyrelsen og afsættelse af bestyrelsesmedlemmer. Derudover indeholder loven en række ændringer, hvorved der sker en kodificering af gældende praksis. Desuden indebærer loven en forhøjelse af beløbsgrænsen for, hvornår fonde er undtaget fra loven. Loven indeholder endvidere nye regler om fondes mulighed for at uddele beløb, som er tilfaldet fonden som gave. Endelig ændres reglerne for indsigt i fondes årsregnskaber. 

Loven skal ses i sammenhæng med det forslag til lov om erhvervsdrivende fonde, som erhvervs- og vækstministeren agter at fremsætte i folketingssamlingen 2013-14. 

Loven træder i kraft den 1. september 2014.","Vedtaget

108 stemmer for forslaget (V, S, DF, RV, SF, EL, LA, KF)

0 stemmer imod forslaget

0 stemmer hverken for eller imod forslaget

",32,,,2017-12-05T19:44:32.977,False,,,,,,,734,2014-06-25T00:00:00,,,
77,78,10,11.0,20,"Vil ministeren præcisere sin udtalelse i TV NEWS i fredags den 10. januar 2014, hvor hun fremhævede spørgeren som én af de ministre under den tidligere regering, der gjorde sig skyldig i »sager« vedrørende kritisabel embedsførelse, der kan sammenlignes med de aktuelle ministersager, der har ført til afgang eller kraftig kritik?",Om kritisabel embedsførelse.,O,S 768,S,768,,,,32,,,2017-12-05T19:44:33.133,False,"Ministeren fremkom i debatprogrammet med en særdeles grov anklage. Når spørgeren tænker tilbage på sine 20 års ministerperiode, kan han ikke umiddelbart komme i tanke om noget, der kan sammenlignes med de aktuelle »sager« vedrørende kritisabel embedsførelse. Ministeren skylder spørgeren en forklaring – eller en undskyldning.",,,,,,,,,,
78,79,10,11.0,20,"Hvad er det for et regnestykke, der får ministeren til i TV NEWS i fredags at påstå, at et udgiftsstop med fuld pris- og lønregulering nødvendigvis fører til et fald i beskæftigelsen på 33.000 personer?",Om udgiftsstop med fuld pris- og lønregulering.,O,S 769,S,769,,,,32,,,2017-12-05T19:44:33.297,False,"Der flyver mange tal gennem luften, og det er svært at spå om fremtiden. Men ministerens skråsikre påstand om, at et udgiftsstop vil føre til et fald i beskæftigelsen på lige præcis 33.000 kalder på en nærmere forklaring. Når der reguleres fuldt ud for stigende priser og lønninger, kan man så ikke have det samme antal ansatte for de uændrede bevillinger, og hvis der sker øget udbud af opgaver, skal de private job, som derved skabes, så ikke medregnes?",,,,,,,,,,
79,80,11,,5,Udenrigsministerens sikkerhedspolitiske redegørelse 2013. ,Om den sikkerhedspolitiske redegørelse 2013.,O,R 7,R,7,,,,32,,,2025-03-31T10:50:10.817,False,,,,,,,,,,,
80,81,4,2.0,8,SUU alm. del,SUU alm. del,O,,,,,,,32,,,2015-06-01T09:59:06.667,True,,,,,,,,,,,
81,82,10,11.0,20,"Hvad mener ministeren om, at regeringen ikke lever op til sit løfte om hurtig undersøgelse og diagnose inden for 30 dage, hvor det fagligt er muligt, på trods af at udredningsretten blev indført den 1. september sidste år?",Om at regeringen ikke lever op til sit løfte om hurtig undersøgelse og diagnose inden for 30 dage.,O,S 1723,S,1723,,,,32,,,2017-12-05T19:44:33.6,False,Ingen.,,,,,,,,,,
82,83,10,11.0,20,"Vil ministeren forholde sig til henvendelsen af 2. juli 2014 fra Trine Alette Panton fra den socialøkonomiske virksomhed »Place de Bleu«, som også er tilgået Folketingets Beskæftigelsesudvalg den 3. juli 2014, og tilkendegive, om ministeren er enig i, at reglen om gensidig forsørgerpligt har de af Trine Alette Panton beskrevne negative konsekvenser med hensyn til:
at påtvinge en borger fuld kontanthjælp, når han kan og hellere vil tjene sine egne penge, at stresse familien i en sådan grad, at ægtefællen bliver syg med stress og derved kommer længere væk fra arbejdsmarkedet efter en ellers positiv udvikling, at presse ægtefællerne til at overveje separation for at sikre sig et eksistensgrundlag, at kvæle initiativ og entreprenørskab og at påføre kommunen en langt større regning, når den skal reparere følgevirkningerne, som kan bestå i øgede udgifter til kontanthjælp, aktivering, behandling m.m., og vil ministeren  – såfremt ministeren er enig i, at reglen om gensidig forsørgerpligt har de beskrevne negative konsekvenser, bedes ministeren tilkendegive, hvad ministeren i givet fald vil gøre for at undgå disse?
",Om den socialøkonomiske virksomhed »Pkace de Bleu«.,O,S 1673,S,1673,,,,32,,,2017-12-05T19:44:33.737,False,Ingen,,,,,,,,,,
83,84,7,,54,Forslag til Europa-Parlamentets og Rådets forordning om ændring af forordning (EU) nr. 260/2012 for så vidt angår omstillingen til EU-dækkende kreditoverførsler og direkte debiteringer,Forslag til Europa-Parlamentets og Rådets forordning om ændring af forordning (EU) nr. 260/2012 for så vidt angår omstillingen til EU-dækkende kreditoverførsler og direkte debiteringer,O,KOM (2013) 0937,KOM,937,,"<div>


<p>
<strong>Forslaget er modtaget</strong> af Folketinget i dansk sprogudgave  
den&nbsp;13.&nbsp;januar&nbsp;2014, jf. <a href=""http://www.euo.dk/upload/application/pdf/d83cf832/Protokol2_naerhed.pdf"">Lissabontraktatens 
 protokol nr. 2</a> om kontrol med nærhedsprincippet. <strong>Fristen  
</strong>på  8 uger for fremsendelse af Folketingets begrundede udtalelse   
<strong>udløb&nbsp;ifølge IPEX&nbsp;10.&nbsp;marts&nbsp;2014.</strong>&nbsp; 

</p>


<div>


<div>


<p>
<a href=""/164848.docid"">Læs</a> 
Kommissionens fremsendelsesbrev    
</p>

</div>

</div>

</div>",,14,,,2016-08-30T13:01:03.237,False,,,,,,,,,,,
84,85,5,15.0,3,Forslag til folketingsbeslutning om en rocker- og bandepakke.,Om en rocker- og bandepakke.,O,B 37,B,37,,"Formålet med forslaget var at supplere regeringens fremsatte rocker- og bandepakke med følgende elementer:
1. Ændring af straffelovens § 81 a, så al rocker- og banderelateret kriminalitet altid gav dobbelt straf samt mulighed for absolut kumulation ved udmålingen af straf for rocker- og banderelateret kriminalitet.
2. Hastebehandling af rocker- og banderelaterede sager ved domstolene.
3. Nedsættelse af en arbejdsgruppe, der skulle se på en eventuel ændring af rockerloven og planloven.
4. Myndighederne skulle ved systematisk samarbejde sikre en særlig grundig kontrol af banderne.
5. Redskaber mod intimiderende og chikanerende adfærd over for politiet og øvrige myndigheder.
6. Ingen prøveløsladelse af rockere og bandemedlemmer.
7. Strammere udvisningsregler.

Forslag til ændring af lovgivning m.v. skulle ifølge forslaget fremsættes i folketingsåret 2013-14. ","Forkastet

51 stemmer for forslaget (V, DF, LA, KF)

56 stemmer imod forslaget (S, RV, SF, EL)

0 stemmer hverken for eller imod forslaget

",32,,,2018-10-02T12:53:18.82,False,,,,,,,,,,,
85,86,10,11.0,20,Hvad er ministerens holdning til det hollandske entreprenørfirma Royal BAM Groups tilbud om at sikre 110 km af den jyske vestkyst med drænrør som beskrevet i artiklen »Bombe i kystkrig« bragt i Nordjyske Stiftstidende den 13. januar 2014?,Om at sikre 110 km af den jyske vestkyst med drænrør.,O,S 770,S,770,,,,32,,,2017-12-05T19:44:34.117,False,Ingen.,,,,,,,,,,
86,87,10,11.0,20,"Giver artiklen »Bombe i kystkrig« bragt i Nordjyske Stiftstidende den 13. januar 2014 samt de deri beskrevne resultater og erfaringer med Ecobeach-systemet anledning til, at ministeren vil overveje rør som kystsikring af vestkysten? ",Om kystsikring af vestkysten.,O,S 771,S,771,,,,32,,,2017-12-05T19:44:34.3,False,Ingen.,,,,,,,,,,
87,88,8,,21,Tidligere fortroligt aktstykke om geotermitilladelse for Thisted Varmeforsyning,Tidligere fortroligt aktstykke om geotermitilladelse for Thisted Varmeforsyning,O,Aktstk. 63,Aktstk.,63,,,,32,TU,,2021-06-03T13:22:20.273,False,,29.0,"Energi-, Forsynings- og Klimaministeriet",2013-12-05T00:00:00,Tiltrådt af Finansudvalget den 05-12-2013,,,,,,
88,89,10,7.0,20,Om europapolitiske forhandlinger.,Om europapolitiske forhandlinger.,O,US 36,US,36,,,,32,,,2017-12-05T19:44:39.13,False,,,,,,,,,,,
89,90,10,7.0,20,Om europapolitiske forhandlinger.,Om europapolitiske forhandlinger.,O,US 37,US,37,,,,32,,,2017-12-05T19:44:39.33,False,,,,,,,,,,,
90,91,10,7.0,20,Om danske velfærdsydelser til EU-borgere.,Om danske velfærdsydelser til EU-borgere.,O,US 38,US,38,,,,32,,,2017-12-05T19:44:39.557,False,,,,,,,,,,,
91,92,10,7.0,20,Om nyttejob til kontanthjælpsmodtagere.,Om nyttejob til kontanthjælpsmodtagere.,O,US 39,US,39,,,,32,,,2017-12-05T19:44:40.993,False,,,,,,,,,,,
92,93,10,7.0,20,Om nulvækst og beskæftigelse.,Om nulvækst og beskæftigelse.,O,US 40,US,40,,,,32,,,2017-12-05T19:44:43.11,False,,,,,,,,,,,
93,94,10,7.0,20,Om en europapolitisk aftale.,Om en europapolitisk aftale.,O,US 41,US,41,,,,32,,,2017-12-05T19:44:43.287,False,,,,,,,,,,,
94,95,8,,21,"Aktstykke om salg af Skagen Fyretablissement for 3,7 mio. kr. til Realdania Byg A/S","Aktstykke om salg af Skagen Fyretablissement for 3,7 mio. kr. til Realdania Byg A/S",O,Aktstk. 64,Aktstk.,64,,,,32,TF,,2021-06-03T13:28:24.143,False,,8.0,Erhvervsministeriet,2014-01-23T00:00:00,"Tiltrådt af et flertal i Finansudvalget den 23-01-2014 (udvalget med undtagelse af Enhedslistens medlem, der stemte imod aktstykket)",,,,,,
95,96,10,7.0,20,Om unge på kontanthjælp og ungeydelse.,Om unge på kontanthjælp og ungeydelse.,O,US 42,US,42,,,,32,,,2017-12-05T19:44:43.593,False,,,,,,,,,,,
96,97,7,,54,"Forslag til Europa-Parlamentets og Rådets forordning om ændring af Rådets forordning (EF) nr. 850/98, (EF) nr. 2187/2005, (EF) nr. 1967/2006, (EF) nr. 1098/2007, (EF) nr. 254/2002, (EF) nr. 2347/2002 og (EF) nr. 1224/2009 for så vidt angår landingsforpligtelsen og om ophævelse af forordning (EF) nr. 1434/98","Forslag til Europa-Parlamentets og Rådets forordning om ændring af Rådets forordning (EF) nr. 850/98, (EF) nr. 2187/2005, (EF) nr. 1967/2006, (EF) nr. 1098/2007, (EF) nr. 254/2002, (EF) nr. 2347/2002 og (EF) nr. 1224/2009",O,KOM (2013) 0889,KOM,889,,,,14,,,2016-01-04T11:20:27.213,False,,,,,,,,,,,
97,98,10,11.0,20,"Vil ministeren på den forestående regeringskonference i Tønder den 4. og 5. februar 2014 tage initiativ til, at arbejdet med en fælles forvaltningsplan for gæs i Vadehavsområdet påbegyndes efter rapportens anbefalinger?",Om en fælles forvaltningsplan for gæs i Vadehavsområdet.,O,S 772,S,772,,,,32,,,2017-12-05T19:44:43.823,False,"Op til regeringskonferencen i det trilaterale samarbejde omkring Vadehavet på Sild i 2010, blev der udarbejdet en »gåserapport«, med anbefalinger til udarbejdelse af en fælles gåseforvaltningsplan for Vadehavsområdet. Anbefalingerne blev ikke fulgt, i stedet opfordrede regeringerne til, at der blev lavet en mere detaljeret plan til den forestående regeringskonference i Tønder den 4. og 5. februar 2014. Gåserapportens anbefalinger til en detaljeret plan, har til formål at igangsætte en indsats, der kan tage hånd om de stadig stigende problemer, der er med gæs i Vadehavsområdet.    
I udkast til Tønder Dekelerationen punkt 67-69 noterer man sig anbefalingerne, og man opfordrer myndighederne til, hvor det er hensigtsmæssigt, at følge anbefalingerne.",,,,,,,,,,
98,99,10,11.0,20,"Hvis der ikke igangsættes et arbejde med en fælles forvaltningsplan for gæs i Vadehavsområdet, eller opnås enighed om anbefalingerne i »gåserapporten«, der blev udarbejdet op til regeringskonferencen i det trilaterale samarbejde omkring Vadehavet på Sild i 2010, hvordan vil ministeren så sikre, at de stadig stigende problemer med gæs i Vadehavsområdet løses?",Om en fælles forvaltningsplan for gæs i Vadehavsområdet.,O,S 773,S,773,,,,32,,,2017-12-05T19:44:48.923,False,"Op til regeringskonferencen i det trilaterale samarbejde omkring Vadehavet på Sild i 2010, blev der udarbejdet en »gåserapport«, med anbefalinger til udarbejdelse af en fælles gåseforvaltningsplan for Vadehavsområdet. Anbefalingerne blev ikke fulgt, i stedet opfordrede regeringerne til, at der blev lavet en mere detaljeret plan til den forestående regeringskonference i Tønder den 4. og 5. februar 2014. Gåserapportens anbefalinger til en detaljeret plan, har til formål at igangsætte en indsats, der kan tage hånd om de stadig stigende problemer, der er med gæs i Vadehavsområdet.    
I udkast til Tønder Dekelerationen punkt 67-69 noterer man sig anbefalingerne, og man opfordrer myndighederne til, hvor det er hensigtsmæssigt, at følge anbefalingerne.",,,,,,,,,,
99,100,10,11.0,20,"Vil ministeren, såfremt det ikke er muligt at opnå enighed på den forestående regeringskonference i Tønder den 4. og 5. februar 2014 arbejde for, at Danmark påbegynder arbejdet med en fælles forvaltningsplan for gæs i Vadehavsområdet, ligesom Holland der er påbegyndt planlægningen?",Om en fælles forvaltningsplan for gæs i Vadehavsområdet.,O,S 774,S,774,,,,32,,,2017-12-05T19:44:49.13,False,"Op til regeringskonferencen i det trilaterale samarbejde omkring Vadehavet på Sild i 2010, blev der udarbejdet en »gåserapport«, med anbefalinger til udarbejdelse af en fælles gåseforvaltningsplan for Vadehavsområdet. Anbefalingerne blev ikke fulgt, i stedet opfordrede regeringerne til, at der blev lavet en mere detaljeret plan til den forestående regeringskonference i Tønder den 4. og 5. februar 2014. Gåserapportens anbefalinger til en detaljeret plan, har til formål at igangsætte en indsats, der kan tage hånd om de stadig stigende problemer, der er med gæs i Vadehavsområdet.    
I udkast til Tønder Dekelerationen punkt 67-69 noterer man sig anbefalingerne, og man opfordrer myndighederne til, hvor det er hensigtsmæssigt, at følge anbefalingerne.",,,,,,,,,,
